name	freq	Change
1st Playable Productions	1	
A. T. Still U	4	
Aalborg U Copenhagen	3	
Aalto U	4	
Aarhus U	8	
Aberystwyth U	1	
Academic Medical Center U of Amsterdam	3	
Agency for Science Technology and Research	3	
AIDS Help Inc.	1	
Albion College	1	
Allegheny College	2	
American U	17	
American U in Cairo	2	
American U of Beirut	1	
American U of Central Asia	2	
Amsterdam Medical Centre U of Amsterdam	1	U of Amsterdam
Amsterdam School of Communication Research	7	U of Amsterdam
Amsterdam School of Communication Research/ U of Amsterdam	4	U of Amsterdam
Annenberg School for Communication at the U of Pennsylvania	1	U of Pennsylvania
Annenberg School for Communication U of Pennsylvania	12	U of Pennsylvania
Annenberg School for Communication UPenn	1	U of Pennsylvania
Annenberg School for Communication/U of Pennsylvania	1	U of Pennsylvania
ARC Centre of Excellence for Creative Industries and Innovation	2	Queensland U of Techology
ARC Centre of Excellence for Creative Industries and Innovation Queensland U of Technology	1	Queensland U of Techology
Arcode Corporation	1	
Aristotle U of Thessaloniki	2	
Arizona State U	24	
Arkansas State U	2	
Ars Electronica Futurelab	1	
Asbury U	2	
ASCoR - U of Amsterdam	4	U of Amsterdam
ASCoR / U of Amsterdam	3	U of Amsterdam
ASCoR U of Amsterdam	49	U of Amsterdam
Asociacion de Comunicacion Politica	1	
Auburn U	1	
Auckland U of Technology	1	
Augsburg U	17	
Aurora U	1	
Austin Peay State U	2	
Austrian Academy of Sciences - Institute for Comparative Media and Communication Studies	1	
Autonomous U of Baja California	2	Autonomous U of Baja California
Autonomous U of Baja California Mexicali	1	Autonomous U of Baja California
Ball State U	1	
Bangkok U	1	
Bangladesh Center for Communication Programs	1	Bangladesh Center for Communication Programs
Bangladesh Center for Communication Programs - BCCP	1	Bangladesh Center for Communication Programs
Bar-Ilan U	5	
Bar-Ilan U.	1	
Barry U	1	
Baruch College - CUNY	3	
BCCP - Bangladesh Center for Communication Programs	1	Bangladesh Center for Communication Programs
Behavioural Science Institute	1	Radboud U Nijmegen
Behavioural Science Institute / Radboud U Nijmegen	1	Radboud U Nijmegen
Beijing Foreign Studies U	1	
Bellevue U	2	
Ben Gurion U of the Negev	8	Ben Gurion U of the Negev
Ben-Gurion U of the Negev	12	Ben Gurion U of the Negev
BI Norwegian Business School	2	
Birkbeck U of London	4	
Birmingham City U	2	
Bloomsburg U of Pennsylvania	3	
Bocconi U	1	
Bond U	1	
Bonn U	1	
Boston Children's Hospital	4	Boston Children's Hospital
Boston Children's Hospital Harvard U	1	Boston Children's Hospital
Boston College	8	
Boston U	7	
Bournemouth U	4	
Bowdoin College	2	
Bowie State U	2	
Bowling Green State U	19	
Bradley U	4	
Bridgewater State U	1	
Brigham Young U	22	
Bryant U	1	
BSS - Aarhus U	1	
Buskerud and Vestfold U College	1	
Butler U	4	
Cal Poly Pomona	1	
California College of the Arts	1	
California Lutheran U	3	
California State U	1	California State U
California State U - Fullerton	4	California State U
California State U - Long Beach	2	California State U
California State U - Los Angeles	2	California State U
California State U - Monterrey Bay	1	California State U
California State U - Northridge	2	California State U
California State U - San Bernardino	3	California State U
California State U - Stanislaus	1	California State U
California State U Channel Islands	2	California State U
California State U Fresno	2	California State U
California State U Fullerton	1	California State U
California State U Los Angeles	1	California State U
Camp Rehoboth	1	
Cancer Council Victoria	1	
Capital U	1	
Cardiff U	8	Cardiff U
Cardiff U - JOMEC	8	Cardiff U
Carleton U	2	
Carnegie Mellon U	1	
Catholic U - Leuven	6	
Catholic U of America	1	
Catholic U of Milan	1	
Center on Media and Child Health	4	
Central China Normal U	1	
Central Connecticut State U	1	
Central European U	1	
Central Michigan	3	Central Michigan U
Central Michigan U	4	Central Michigan U
Central States Communication Association	1	
Central Washington U	1	
Centre for Interdisciplinary Studies in Society and Culture Concordia U	1	
Centre for Media Communication and Information Research U of Bremen	1	
CES Villanueva	1	
Chapman U	10	Chapman U
Chapman U/U of California - Irvine	1	Chapman U
Chemnitz U of Technology	11	
China U of Political Science and Law	1	
Chinese U of Hong Kong	8	
Choongang U	1	
Chungbuk National U	1	
CICANT-ULHT	1	
City of Boston	2	
City U	1	
City U - Hong Kong	2	
City U London	3	
City U of Hong Kong	28	
City U of New York	1	
Claflin U	1	
Claremont Graduate U	6	
Clemson U	11	
Cleveland State U	8	
Coastal Carolina U	2	
College of Charleston	3	
College of Management Academic Studies	3	
College of Southern Nevada	1	
College of Staten Island - CUNY	2	
Colorado State U	12	
Columbia U	5	
Comenius U Bratislava	1	
Common Sense Media	1	
Communica PR Consulting	1	
Communication School	1	
Communication U of China	4	
Community Health Councils	3	
Copenhagen Business School	8	Copenhagen Business School
Copenhagen Business School; LSE	2	Copenhagen Business School
Cornell U	37	
Covenant U	2	
Creighton U	2	
Dalhousie U	3	
Dana-Farber Cancer Institute and Harvard School of Public Health	2	
Dartmouth College	1	
De La Salle U	4	
Deakin U	1	
Democritus U of Thrace	1	
Denison U	2	
Denver Health	2	
Department of Communication	3	
Department of Education U of Bologna	1	U of Bologna
Department of information science and media studies / U of Bergen	2	U of Bergen
Department of Language and Communication	1	
Department of Media  and  Communication	1	
Department of Media and Communication	1	
Department of Media Studies / U of Tuebingen	1	U of Teubingen
DePaul U	17	
Dept. of Journalism Media and Communication U of Gothenburg	1	U of Gothenburg
Deutsche Gesellschaft fur Publizistik	1	
Diálogo Digital	1	
Drexel U	2	
Duke U	1	
Duquense U	3	
East Carolina U	3	
Eastern China Normal U	1	
Eastern Connecticut State U	1	
Eastern Michigan U	2	
Eberhard Karls U Tuebingen	1	U of Teubingen
Edelman	1	
Educons U	1	
Eindhoven U of Technology	1	
El Nuevo Día	1	
Elon U	2	
Emerson College	6	
Emory U	9	
Erasmus U Rotterdam	15	
European Communication Research and Education Association	1	
Ewha Womans U	4	
EWHA WOMANS UNIVERSITY	1	
Fairfield U	9	
Fayetteville State U	1	
Federal U of Minas Gerais (UFMG)	1	
FEDERAL UNIVERSITY OF MINAS GERAIS	1	
Federation of Families - Miami-Dade County	1	
Florida Institute of Technology	2	
Florida International U	14	
Florida Maxima	4	
Florida Southern College	1	
Florida State U	13	
Fordham U	3	
Fors Marsh Group	2	
Fort Hays State U	2	
Franciscan U - Steubenville Dept. of Communication Arts	1	
Free U of Berlin	1	
Fudan U	1	
Fundacion Democracia y Desarrollo	3	
George Mason U	24	
George Washington U	20	
Georgetown U	3	
Georgia Institute of Technology	1	
Georgia Regents U	1	
Georgia State U	6	
Georgia Tech	2	
Georgian Institute of Public Affairs	5	
German Sport U Cologne	2	
Ghent U	22	
Goldsmiths College U of London	2	
Goldsmiths U of London	5	
Gonzaga U	1	
Gordon Teachers College	1	
Governors State U	2	
Graceland U	2	
Griffith U	2	
Hallym U	3	
Hamad Medical Corporation	1	
Hampshire College	1	
Hankuk U of Foreign Studies	1	
Hanover U of Music Drama and Media	11	
Hans Bredow Institute	2	
Hans Bredow Institute for Media Research	4	
Hans-Bredow-Institut	1	
Hebrew U	7	
Hebrew U - Jerusalem	2	
Hebrew U - Mt. Scopus	1	
Hebrew U and Ono Academic Colledge	3	
Hebrew U of Jerusalem	24	
Higher School of Economics	1	
Highpoint U	1	
Hocking College	1	
Hofstra U	1	
Hohenheim U	1	
Hollins U	2	
Hong Kong Baptist U	22	
Hong Kong Polytechnic U	3	
Hongik U	4	
Hope College	5	
Howard U	8	
Huatian Technology Corporation	1	
Humboldt U Berlin	1	
Hunan U	1	
Hunter College	1	
IE U	1	
Illinois Institute of Technology	3	
Illinois State	1	
Illinois State U	8	
iMinds-MICT-Ghent U	1	
iMinds-MICT-UGent	4	
Imperial College London	1	
Independent Researcher	1	
Indiana U	64	
Indiana U – Purdue U Fort Wayne	5	
Indiana U Bloomington	1	
Indiana U East	1	
Indiana U of Pennsylvania	3	
Indiana U Pennsylvania	1	
Inha U	1	
Initiative for Children and Families ASSMCA	1	
Institute d'Etudes Politiques de Toulouse	1	
Institute of Policy Studies Singapore	1	
Instituto de Altos Estudios Nacionales	1	
Instituto de Estudios Peruanos	3	
International Assocation for Media and Communication Research	2	
Internet Interdisciplinary Institute Open U of Catalonia	1	
Internet Interdisciplinary Institute UOC	1	
Iona College	2	
Iowa State U	8	
ITESO U	1	
Ithaca College	1	
IULM U	1	
IWM Tuebingen	2	U of Teubingen
Izmir U of Economics	1	
Jacksonville U	1	
Jacobs U - Bremen	2	Jacobs U
Jacobs U Bremen	1	Jacobs U
James Madison U	6	
Jefferson Hoye LLC	1	
JiangHuai Magazine	1	
Jinan U	1	
JMG U of Gothenburg / The IT U of Copenhagen	1	
Joan Ganz Cooney Center at Sesame Workshop	2	
Johannes Gutenberg U	8	
Johannes Gutenberg U Mainz	1	
Johannes Kepler U	1	
Johns Hopkins SAIS	1	
Johns Hopkins U	6	
Jyvaskyla	1	
KAIST	9	
Kansas State U	2	
Karlstad U	11	
Keio U	1	
Kennesaw State U	3	
Kent State U	8	
King Juan Carlos U	1	
King's College London	2	
Klein Buendel Inc.	10	
Knowledge Media Research Center	4	
Koc U	1	
Kookmin U	1	
Korea U	3	
KU Leuven	9	
Kyung Hee U	1	
Lake Forest College	1	
Lake Superior State U	1	
Lakehead U	1	
Leeds Trinity U	1	
Lehigh U	2	
Leibniz-Institut fuer Wissensmedien	3	
Leiden U	10	
Lewis  and  Clark College	1	
Linfield College	1	
LMU Munich	68	
Lomonosov Moscow State U	1	
London School of Economics	1	
London School of Economics and Political Science	6	
Loughborough U	1	
Louisiana State U	38	
Loyola Marymount U	1	
Loyola U	1	
Loyola U Chicago	1	
Loyola U Maryland	5	
Lucile Packard Children's Hospital	8	
Lund U	3	
Lusofona U	4	
Maastricht U	4	
Macalester College	4	
Macau U of Science  and  Technology	1	
Marist College	5	
Marquette U	2	
Marymount Manhattan College	1	
Massachusetts General Hospital	1	
Massey U	14	
McGill U	1	
McMaster U	2	
Media and Communication	1	
Media Ecology Association	1	
Media Psychology U of Wuerzburg	1	
Media Science	1	
Medical College of Wisconsin	1	
Memorial Sloan-Kettering Cancer Center	9	
Metropolitan State U of Denver	1	
Miami U	1	Miami U
Miami U - Ohio	3	Miami U
MICA	1	
Michigan State	1	Michigan State U
Michigan State U	128	Michigan State U
Microsoft Research	1	
Mid Sweden U	6	
Middle Tennessee State U	2	
Middlesex U	2	
Midlands Technical College	1	
Midwestern U	1	
Mikonics	1	
Mindful Change	1	
Minnesota State U Mankato	1	
Missouri	2	U of Missouri
Missouri School of Journalism	1	U of Missouri
Missouri School of Journalism U of Missouri	1	U of Missouri
Missouri State U	2	
MIT Center for Collective Intelligence	3	MIT
MMLab - Ghent U - iMinds	3	
Moffitt Cancer Center	1	
Montclair State U	2	
Morehouse U	3	
Mount Saint Vincent U	4	
Muhlenberg College	1	
Multimedia U	1	
Murdoch U	2	
Murray State U	1	
Nanjing U	1	
Nanyang Technological U	85	Nanyang Technological U
Nanyang Techological U	4	Nanyang Technological U
National Center for Ecological Analysis and Synthesis U of California	1	
National Chengchi U	3	
National Chiao Tung U	6	
National Institute for Environmental Studies	4	
National Institute of Advanced Industrial Science and Technology	1	
National Institute of Education	1	
National Institute of Informatics Japan	2	
National Research U – Higher School of Economics	2	
National Research U High School of Economics	1	
National Research U Higher School of Economics	1	
National School of Political and Administrative Studies	2	
National Taiwan U	1	
National U	2	
National U College Online	1	
National U of Singapore	19	National U of Singapore
National U of Singapore (NUS)	1	National U of Singapore
Netanya Academic College	2	
Netherlands Youth Institute/Erasmus U Rotterdam	1	Erasmus U Rotterdam
New Jersey Institute of Technology	2	
New Mexico State U	1	
New School of Public Engagement	1	
New York Institute of Technology	1	
New York U	15	
NHTV Breda U of Applied Sciences	2	
Nielsen Korea	1	
NLA Gimlekollen School of Journalism and Communication	1	
NO/AIDS Task Force	2	
North Carolina A and T State U	1	North Carolina State U
North Carolina Agricultural and Technical State U	1	North Carolina State U
North Carolina State U	20	North Carolina State U
North Central College	2	
North Dakota State U	13	
Northeastern U	21	
Northern Illinois U	3	
Northern Kentucky U	7	
Northwestern	3	Northwestern U
Northwestern U	59	Northwestern U
Northwestern U in Qatar	6	Northwestern U in Qatar
Northwood U	1	
NOVA / WGBH Boston	2	
NTNU Trondheim	2	
Oakland U	1	
OCAD U	1	
Ohio	3	Ohio U
Ohio State U	90	
Ohio U	19	Ohio U
Oklahoma City U	1	
Oklahoma State U	1	Oklahoma State U
Oklahoma State U-Tulsa	1	Oklahoma State U
Old Dominion U	2	
Open Technology Institute	1	
Open U of Israel	2	
Orebro U	4	
Osaka U	2	
Oxford Internet Institute	1	
Paris Sorbonne U - CELSA	1	
Passau U	2	
PCI Media Impact	1	
Peking U	3	
Penn State	6	Penn State U
Penn State U	14	Penn State U
Penn State U-U Park	1	Penn State U
Penn State York	2	Penn State U
Pennsylvania State U	51	Pennsylvania State U
Pennsylvania State U - Abington	1	Pennsylvania State U
Pennsylvania State U  and  Sungkyunkwan Univ	5	Pennsylvania State U
Pepperdine U	1	
Peru Ministry for Development and Social Inclusion	1	
Pew Internet and American Life Project	2	
Philipp U of Marburg	2	
Political Communication Lab (LACOP)	1	
Pomona College	1	
Pontificia U Católica de Chile	5	
Pontificia Universidad Catolica de Chile	5	Pontificia Universidad Catolica de Chile
Pontificia Universidad Católica de Chile	1	Pontificia Universidad Catolica de Chile
Pontificia Universidad Catolica de Chile Universidad Finis Terrae Universidad del Desarrollo	1	Pontificia Universidad Catolica de Chile
Pontificia Universidad Javeriana	1	
Porter Novelli	1	
Portland State U	9	
Prairie View A&M U	1	
Project for Excellence in Journalism	1	
Purdue U	59	
PVI	1	
Queen Margaret U	1	
Queens College - CUNY	1	
Queensland Health	1	
Queensland U of Technology	20	Queensland U of Techology
Quinnipiac U	6	
Radboud U	9	Radboud U Nijmegen
Radboud U Nijmegen	22	Radboud U Nijmegen
Radboud Universiteit Nijmegen	2	Radboud U Nijmegen
Ramapo College of New Jersey	1	
Rauawaawa Kaumatua Charitable Trust	1	
Renmin U of China	2	
Rensselaer Polytechnic Institute	1	
Research Center in Communication and Culture Catholic U of Portugal & Research Center in Applied Communication Culture and New Technologies Lusófona U	1	Catholic U of Portugal
Rider U	2	
Riga Stradins U	2	
Rikkyo U	1	
Rissho U	1	
RMIT U	1	RMIT U
RMIT U - Vietnam	1	RMIT U
Roanoke College	1	
Robert Morris U	2	
Robert Wood Johnson U Hospital	2	
Rochester Institute of Technology	4	
Rollins College	1	
Room 517	1	
Roskilde U	4	
Royal Military Academy	1	
Royal Roads U	1	
Ruhr U Bochum	4	
Rutgers	3	Rutgers U
Rutgers The State U of New Jersey	1	Rutgers U
Rutgers U	53	Rutgers U
Rutgers U - School of Communication and Information	1	Rutgers U
Rutgers WPF	1	Rutgers U
Ryerson U	2	
Saint Francis Xavier U	1	
Saint Louis U	2	
Saint Vincent College	1	
Salem State U	2	
Sam Houston State U	2	
San Diego State U	12	
San Francisco State U	1	
San Jose State U	2	
Santa Clara U	5	
School of Communication Simon Fraser U	1	
School of Information	5	
School of Sustainability IDC	3	
SciencesCom - Audencia Group	2	
Sejong U	1	
Seoul Institute	1	
Seoul National U	7	
Shanghai International Studies U	1	
Shanghai Jiao Tong U	2	
Sheffield Hallam U	2	
Simon Fraser U	4	
Singapore Management U	1	
Sodertorn U	10	
Sogang U	2	
Southern Illinois U	8	Southern Illinois U
Southern Illinois U - Carbondale	2	Southern Illinois U
Southern Illinois U - Edwardsville	2	Southern Illinois U
Southern Illinois U Edwardsville	2	Southern Illinois U
Southern Methodist U	5	
Southwest Jiaotong U	1	
Spelman College	3	
St Cloud State U	1	
St. Lawrence U	1	
St. Norbert College	2	
Stanford	1	Stanford U
Stanford Prevention Research Center	2	Stanford U
Stanford U	30	Stanford U
State U of New York at Cortland	2	
Stephen F Austin State U	1	Stephen F Austin State U
Stephen F. Austin State U	6	Stephen F Austin State U
Stephen F. Austin U	1	Stephen F Austin State U
Stockholm U	4	Stockholm U
Stockholm U; Royal Institute of Technology(KTH)	1	Stockholm U
Stonehill College	1	
Suffolk U	1	
Sun Yat-sen U	3	
Sungkyunkwan U	15	Sungkyunkwan U
SungKyunKwan U	1	Sungkyunkwan U
SUNY - Buffalo	4	SUNY
SUNY College of Environmental Science  and  Forestry	2	SUNY
SUNY IT	2	SUNY
SUNY New Paltz	1	SUNY
SUNY Oneonta	1	SUNY
SUNY-Buffalo	2	SUNY
Swinburne U	1	Swinburne U
Swinburne U of Technology	8	Swinburne U
Syracuse U	38	
Tallinn U	1	
Taskstream	1	
Tata Institute of Social Sciences	1	
TCU	2	Texas Christian U
Technical U - Dresden	4	
Technical U of Dresden	2	
Technische Hochschule Mittelhessen	1	
Technische U Chemnitz	3	
Technische Universitaet Chemnitz / HIIG	2	
Technische Universitt Dresden	2	
Technische Universtitaet Chemnitz	1	
Tel Aviv U	6	
Telecom Paristech	3	
Temple U	26	
Tennessee Technological U	1	
Texas A and M U	6	Texas A and M U
Texas A&M U	8	Texas A and M U
Texas Christian U	3	Texas Christian U
Texas State U	17	
Texas Tech	1	Texas Tech
Texas Tech U	37	Texas Tech
The Annenberg School for Communication U of Pennsylvania	2	U of Pennsylvania
The Annenberg School for Communication/ The U of Pennsylvania	1	U of Pennsylvania
The Cancer Council Victoria	2	
The Chinese U of Hong Kong	25	
The College at Brockport - SUNY	1	
The College of New Jersey	1	
The Communications School College of Administration	1	
The George Washington U	1	
the Graduate U for Advanced Studies	1	
The Hebrew U of Jerusalem	4	
The Media School / Indiana U Bloomington	2	
The Ohio State U	15	
The Pennsylvania State U	7	
The U of Akron	1	
The U of Alabama	8	
The U of Michigan	1	
The U of Munster	1	
The U of New Mexico	1	
The U of Oklahoma	4	
The U of Scranton	1	
The U of Sheffield	2	
The U of Southern Mississippi	1	
The U of Texas at Austin	16	
The U of Texas at San Antonio	3	
The U of Virginia - Wise	1	
Tilburg U	19	
Tokyo Denki U	2	
Towson U	8	
Trent U	2	
Trimbos Institute Netherlands Institute for Mental Health and Addiction	1	
Trinity Lutheran College	1	
Trinity U	2	
Tsinghua U	2	
TU Dortmund U	4	
TU Dresden	7	
Tübingen U	1	Tubingen U
Tufts U School of Medicine	2	
Tulane U	3	
U  Libre de Bruxelles	2	
U at Albany	1	SUNY
U at Albany - SUNY	3	SUNY
U at Albany SUNY	1	SUNY
U at Buffalo	12	SUNY
U At Buffalo	2	SUNY
U at Buffalo - SUNY	2	SUNY
U at Buffalo State U of New York	4	SUNY
U at Buffalo-SUNY	2	SUNY
U Autónoma de Baja California	3	
U Autonoma de Madrid	1	
U Autónoma de Nuevo León	3	
U Autónoma del Estado de Morelos	1	
U Bergen	2	
U Carlos III de Madrid	1	
U catholique de Louvain	1	
U Catolica de la Santisima Concepcion	1	
U Cattolica del Sacro Cuore	2	
U Complutense de Madrid	2	
U de Costa Rica	1	
U de Guadalajara	1	
U de la Habana	2	
U de los Andes	1	
U de Málaga	1	
U de Manizales	1	
U de Montreal	3	
U de Navarra	1	
U de Puerto Rico	2	U de Puerto Rico
U de Puerto Rico Recinto de Río Piedras	4	U de Puerto Rico
U de Puerto Rico-Carolina	2	U de Puerto Rico
U de San Andrs	1	
U degli Studi di Bergamo	1	
U del Este	2	U del Este
U del Este-Sistema Ana G. Méndez	1	U del Este
U del Norte	1	
U del Turabo	1	
U della Svizzera italian	6	
U di Perugia	1	
U Diego Portales	7	
U du Quebec a Montreal	1	
U Duisburg-Essen	6	
U Federal de Minas Gerais	3	
U Federal de Santa Catarina	1	
U Hospital Careggi	1	
U Iberoamericana	2	
U Koblenz-Landau	3	
U Libre de Bruxelles	1	
U Lusófona	3	
U Mainz	1	
U Mannheim	5	
U Milano Bicocca	1	
U Muenster	1	
U Municipal de Sao Caetano do Sul	2	
U Nacional Autonoma de Mexico	1	
U Nacional de la Matanza	1	
U Nova de Lisboa	1	
U Oberta Catalunya	1	
U of  Mannheim	2	
U of Alabama	39	U of Alabama
U of Alabama - Birmingham	1	U of Alabama
U of Alabama - Huntsville	2	U of Alabama
U of Alabama/UNC Chapel Hill	2	U of Alabama
U of Alberta	1	
U of Alcala	2	
U of Amazonia (Unama)	1	
U of Amsterdam	148	U of Amsterdam
U of Amsterdam / ASCoR	7	U of Amsterdam
U of Amsterdam ASCOR	3	U of Amsterdam
U of Antwerp	52	U of Antwerp
U of Antwerp - Department of Communication Studies	2	U of Antwerp
U of applied Science Hanzehogeschool Groningen	1	
U of Applied Sciences HTW Chur	1	
U of Arizona	41	
U of Arkansas	1	U of Arkansas
U of Arkansas - Fort Smith	1	U of Arkansas
U of Arkansas at Monticello	1	U of Arkansas
U of Augsburg	1	
U of Barcelona	1	
U of Bergen	7	
U of Bielefeld	3	
U of Bonn	1	
U of Brasilia	1	
U of Bremen	2	U of Bremen
U of Bremen - ZeMKI	3	U of Bremen
U of Bremen Centre for Media Communication and Information Research (ZeMKI)	4	U of Bremen
U of Bremen/ U of Goldsmiths	2	U of Bremen
U of Bucharest	3	
U of Buffalo	1	
U of Buffalo - SUNY	17	SUNY
U of California - Berkeley	1	U of California
U of California - Davis	6	U of California
U of California - Los Angeles	5	U of California
U of California - Riverside	5	U of California
U of California - San Diego	2	U of California
U of California - San Francisco	3	U of California
U of California - Santa Barbara	51	U of California
U of California at Santa Barbara (UCSB)	1	U of California
U of California Davis	2	U of California
U of California Irvine	1	U of California
U of California Los Angeles	6	U of California
U of California Riverside	1	U of California
U of California San Diego	1	U of California
U of California San Francisco	2	U of California
U of California Santa Barbara	13	U of California
U of Canberra	2	
U of Canterbury	3	
U of Cape Town	2	
U of Central Florida	16	
U of Central Oklahoma	1	
U of Chester	2	
U of Chicago	2	
U of Cincinnati	8	
U of Cologne	13	
U of Colorado	6	U of Colorado
U of Colorado - Boulder	7	U of Colorado
U of Colorado -- Boulder	1	U of Colorado
U of Colorado - Denver	1	U of Colorado
U of Colorado at Boulder	1	U of Colorado
U of Connecticut	52	
U of Copenhagen	6	
U of Dallas	1	
U of Dayton	1	
U of Denver	14	
U of Duesseldorf	11	
U of Duisburg - Essen	5	U of Duisburg
U of Duisburg-Essen	16	U of Duisburg
U of East Anglia	1	
U of Erfurt	14	
U of Erlangen - Nuremberg	1	
U of Florida	24	
U of Freiburg	2	U of Freiburg
U of Fribourg	4	U of Freiburg
U of Geneva	2	
U of Georgia	53	
U of Gothenburg	8	
U of Graz	2	
U of Groningen	2	
U of Haifa	18	
U of Hamburg	2	
U of Hartford	1	
U of Hawaii at Manoa	2	
U of Helsinki	1	
U of Hohenheim	22	
U of Hong Kong	1	
U of Houston	9	U of Houston
U of Houston-Downtown	3	U of Houston
U of Houston–Downtown	1	U of Houston
U of Huddersfield	1	
U of Illinois	12	U of Illinois
U of Illinois - Chicago	2	U of Illinois
U of Illinois - Urbana Champaign	1	U of Illinois
U of Illinois at Chicago	1	U of Illinois
U of Illinois at Urbana Champaign	2	U of Illinois
U of Illinois at Urbana-Champai	1	U of Illinois
U of Illinois at Urbana-Champaign	8	U of Illinois
U of Illinois at Urbana–Champaign	28	U of Illinois
U of Illinois Urbana Champaign	3	U of Illinois
U of Illinois Urbana-Champaign	1	U of Illinois
U of Iowa	34	
U of Jena	3	
U of Jyvaskyla	3	U of Jyvaskyla
U of Jyvaskyla Dept. of COM.	1	U of Jyvaskyla
U of Jyvskyl	1	U of Jyvaskyla
U of Kansas	25	
U of Kassel	2	
U of Kentucky	30	
U of Koblenz-Landau	6	
U of KwaZulu-Natal	1	
U of Leeds	6	
U of Leicester	5	
U of Leipzig	2	
U of Leuven	17	U of Leuven
U of Leuven  - School for Mass Communication Research	3	U of Leuven
U of Leuven - School for Mass Communication Research	19	U of Leuven
U of Lisbon	1	
U of Liverpool	1	
U of London Goldsmiths College	2	
U of Louisiana at Monroe	1	
U of Luxembourg	3	
U of Maastricht	1	
U of Macao	1	
U of Macau	2	
U of Maine	3	
U of Mainz	24	
U of Malaga	3	
U of Malta	1	
U of Mannheim	41	U of Mannheim
U of Mannheim/U of Amsterdam	2	U of Mannheim
U of Maryland	52	U of Maryland
U of Maryland - College Park	4	U of Maryland
U of Maryland College Park	5	U of Maryland
U of Massachusetts	3	U of Massachusetts
U of Massachusetts - Amherst	8	U of Massachusetts
U of Massachusetts - Lowell	1	U of Massachusetts
U of Massachusetts Amherst	4	U of Massachusetts
U of Massachusetts Amhert	1	U of Massachusetts
U of Melbourne	11	
U of Memphis	3	
U of Miami	24	
U of Michigan	57	U of Michigan
U of Michigan - Dearborn	2	U of Michigan
U of Michigan - Flint	1	U of Michigan
U of Michigan Ann Arbor	3	U of Michigan
U of Michigan Psychology Dept.	4	U of Michigan
U of Milan-Bicocca	1	
U of Minho	1	
U of Minnesota	22	U of Minnesota
U of Minnesota - Duluth	3	U of Minnesota
U of Minnesota - Twin Cities	4	U of Minnesota
U of Minnesota Twin Cities	1	U of Minnesota
U of Minnesota-Twin Cities	1	U of Minnesota
U of Missouri	50	U of Missouri
U of Missouri - Columbia	7	U of Missouri
U of Missouri - St. Louis	3	U of Missouri
U of Missouri Columbia	1	U of Missouri
U of Missouri School of Journalism	2	U of Missouri
U of Missouri-Columbia	1	U of Missouri
U of Montana	1	
U of Montreal	3	
U of Muenster	13	
U of Murcia	1	
U of Music	1	
U of Music Drama and Media (Department of Journalism and Communication Research)	1	
U of Naples	1	
U of Navarra	2	
U of Navarra / Intermedia Social Innovation	1	
U of Nebraska-Lincoln	4	
U of Neuchatel - Academy of Journalism and Media	1	
U of Nevada Las Vegas	3	
U of Nevada Reno	3	
U of New Hampshire	1	
U of New Mexico	3	
U of North Carolina	3	U of North Carolina
U of North Carolina - Chapel Hill	34	U of North Carolina
U of North Carolina - Charlotte	6	U of North Carolina
U of North Carolina - Wilmington	1	U of North Carolina
U of North Carolina at Chapel Hill	3	U of North Carolina
U of North Carolina Chapel Hill	3	U of North Carolina
U of North Carolina Wilmington	3	U of North Carolina
U of North Dakota	2	
U of North Georgia	1	
U of North Texas	4	
U of Northern Colorado	3	
U of Nottingham	2	
U of Oklahoma	76	
U of Oregon	24	
U of Oslo	4	
U of Osnabrueck	1	
U of Otago	1	
U of Oxford	3	
U of Passau	2	
U of Pennsylvania	97	
U of Perugia	1	
U of Pittsburgh	7	
U of Puerto Rico	3	U of Puerto Rico
U of Puerto Rico at Arecibo	3	U of Puerto Rico
U of Puerto Rico Río Piedras Campus	3	U of Puerto Rico
U of Putra Malaysia	1	
U of Quebec in Montreal (UQAM)	2	
U of Queensland	9	U of Queensland
U of Queensland/U of Western Sydney	2	U of Queensland
U of Rhode Island	5	
U of Rochester	1	
U of Rotterdam	1	
U of Salamanca	1	
U of Salford	1	
U of Salzburg	2	
U of San Diego	4	
U of San Francisco	5	
U of San Paulo	1	
U of Santiago	2	
U of Santo Tomas	1	
U of Scranton	1	
U of Sheffield	2	
U of South Carolina	10	U of South Carolina
U of South Carolina Upstate	2	U of South Carolina
U of South Dakota	4	
U of South Florida	9	
U of Southampton	1	
U of Southern California	35	U of Southern California
U of Southern California - Annenberg School for Communication	64	U of Southern California
U of Southern Denmark	9	
U of Southern Denmark Centre for Journalism	5	
U of Southern Mississippi	1	
U of St Gallen	1	
U of St. Gallen	11	
U of St.Gallen	1	
U of Sussex	2	
U of Sydney	1	
U of Tampa	1	
U of Tampere	12	
U of Technology Dresden	1	
U of Technology Sydney	2	
U of Tennessee	24	
U of Texas	11	U of Texas
U of Texas - Arlington	1	U of Texas
U of Texas - Austin	79	U of Texas
U of Texas - Brownsville	1	U of Texas
U of Texas - Dallas	5	U of Texas
U of Texas - El Paso	2	U of Texas
U of Texas - San Antonio	2	U of Texas
U of Texas at Austin	24	U of Texas
U of Texas at San Antonio	1	U of Texas
U of Texas Austin	1	U of Texas
U of Texas-Pan American	2	U of Texas
U of the Federal German Army	1	
U of the Philippines	3	
U of the West Indies	1	
U of the Witwatersrand Johannesburg	2	
U of Toronto	6	U of Toronto
U of Toronto Mississauga	1	U of Toronto
U of Tuebingen	7	U of Tubingen
U of Turku	1	
U of Twente	12	U of Twente
U of Twente / GW / CW	3	U of Twente
U of Utah	11	U of Utah
U of Utara - Malaysia	3	U of Utah
U of Utrecht	2	
U of Vienna	52	
U of Virginia	10	
U of Waikato	5	
U of Warsaw	1	
U of Washington	21	
U of West Florida	3	
U of West Indies	1	
U of Westminster	3	U of Westminster
U of Westminster - Communication and Media Research Institute	1	U of Westminster
U of Wisconsin	3	U of Wisconsin
U of Wisconsin - Madison	9	U of Wisconsin
U of Wisconsin - Parkside	1	U of Wisconsin
U of Wisconsin at Madison	2	U of Wisconsin
U of Wisconsin Madison	1	U of Wisconsin
U of Wisconsin_Madison	2	U of Wisconsin
U of Wisconsin-Eau Claire	2	U of Wisconsin
U of Wisconsin-Madions	1	U of Wisconsin
U of Wisconsin-Madison	95	U of Wisconsin
U of Wisconsin-Madison School of Journalism and Mass Communication	1	U of Wisconsin
U of Wisconsin-Milwaukee	14	U of Wisconsin
U of Wisconsin-Whitewater	2	U of Wisconsin
U of Wollongong	1	
U of Wroclaw	1	
U of Wuerzburg	3	U of Wurzburg
U of Wurzburg	1	
U of Wyoming	6	
U of Zagreb	3	
U of Zurich	31	U of Zurich
U of Zurich - IPMZ	6	U of Zurich
U Ottawa	2	
U Pompeu Fabra	1	
U Putra Malaysia	2	
U Ramon Llull	1	
U Rey Juan Carlos	4	
U.S. Outcomes Research Merk  and  Co. Inc.	1	
UC Santa Barbara	3	
UCLA	1	
UC-Santa Barbara	2	
UIC	2	
UMass Amherst School of Public Health and Health Sciences	1	
UMass Boston	3	
UNC-CH	1	
UNCW	1	
UNESP-Faculdade de Filosofia e Letras	1	
Univ of MO	2	
Univ. of Texas at Austin	2	
Universidad AutÃ³noma de QuerÃ©taro	1	
Universidad del Este	1	
Universidad del Norte	1	
Universidad Diego Portales	2	
Universidade de Sorocaba - SP (Brazil)	1	
Universita' Cattolica del Sacro Cuore	6	
Universita' degli Studi di Sassari	1	
Universita della Svizzera italiana	2	
Universita' della Svizzera Italiana	1	
Universitaet Hohenheim	1	
Universitat Pompeu Fabra/ Institute for Communication Research Indiana U	1	
Universite de Montreal	4	
UNIVERSITE LIBRE DE BRUXELLES	5	
Universiteit Antwerpen	1	U of Antwerp
UNIVERSITY OF MURCIA	1	
unknown	1	
Uppsala U	3	
USC Annenberg	1	USC Annenberg
USC Annenberg School of Communication and Journalism	1	USC Annenberg
USP	1	
UT Austin	1	
Utah State U	7	
Utrecht U	9	Utrecht U
Utrecht U/ Tilburg U	2	Utrecht U
UW Madison	1	
Vanderbilt U	8	
Vassar College	1	
Villanova U	5	
Virginia Commonwealth U	8	
Virginia Tech	2	
VU Amsterdam	1	VU U Amsterdam
VU U	4	VU U Amsterdam
VU U -  Amsterdam	5	VU U Amsterdam
VU U - Amsterdam	3	VU U Amsterdam
VU U Amsterdam	68	VU U Amsterdam
Waikato Tainui College	1	
Wake Forest U	8	
Warsaw U	1	
Washington State U	18	
Waukesha County Technical College	1	
Wayne State U	26	
Weber State U	1	
Webster U	2	
Webster U Geneva	1	
Wellesley College	3	
West Virgina U	1	
West Virginia U	19	
Western Illinois U	1	
Western Kentucky U	2	
Western Michigan U	8	
Western New England U	1	
Western Washington U	2	
Westfaelische Wilhelms-U Muenster	2	
Westfaelische Wilhelms-Universitaet Muenster	6	
Wilfrid Laurier U	1	
Winona State U	1	
WKWSCI Nanyang Techonological U	2	
Wuerzburg U	3	
Wuhan U	4	
Xavier U of Louisiana	1	
Xi'an Jiaotong - Liverpool U	2	
Yale U	4	
Yeungnam U	1	
Yonsei U	14	
Young Harris College	1	
Zayed U	1	
Zeppelin U gemeinnuetzige GmbH	1	
Zhejiang U	3	
Zurich U of Applied Sciences	1	
unknown	3	
